claim_id,product_id,attribute
1,195950852745,screen_size
2,195950852745,display_resolution
3,195950852745,touchscreen
4,195950852745,cpu_model
5,195950852745,storage_gb
6,195950852745,ram_gb
7,195950852745,gpu_model
8,195950852745,display_connectors
9,195950852745,battery_energy
10,195950852745,input_device_features
11,195950852745,brand
12,195950852745,model_number
13,195950852745,product_name
14,195950852745,color_finish
15,195950852745,release_year
16,195950852745,display_type
17,195950852745,cpu_brand
18,195950852745,cpu_cores
19,195950852745,ram_type
20,195950852745,ram_speed
21,195950852745,gpu_type
22,195950852745,gpu_brand
23,195950852745,operating_system
24,195950852745,usb_ports
25,195950852745,wireless_connectivity
26,195950852745,camera
27,195950852745,height
28,195950852745,width
29,195950852745,depth
30,195950852745,weight_lb
31,195950852745,energy_star_certified
32,195950852745,epeat
33,195950852745,warranty_parts
34,195950852745,warranty_labor
35,195950852745,gtin
36,195950853216,screen_size
37,195950853216,display_resolution
38,195950853216,touchscreen
39,195950853216,cpu_model
40,195950853216,storage_gb
41,195950853216,ram_gb
42,195950853216,gpu_model
43,195950853216,display_connectors
44,195950853216,battery_energy
45,195950853216,input_device_features
46,195950853216,brand
47,195950853216,model_number
48,195950853216,product_name
49,195950853216,color_finish
50,195950853216,release_year
51,195950853216,display_type
52,195950853216,cpu_brand
53,195950853216,cpu_cores
54,195950853216,ram_type
55,195950853216,ram_speed
56,195950853216,gpu_type
57,195950853216,gpu_brand
58,195950853216,operating_system
59,195950853216,usb_ports
60,195950853216,wireless_connectivity
61,195950853216,camera
62,195950853216,height
63,195950853216,width
64,195950853216,depth
65,195950853216,weight_lb
66,195950853216,energy_star_certified
67,195950853216,epeat
68,195950853216,warranty_parts
69,195950853216,warranty_labor
70,195950853216,gtin
102,195950852745,screen_brightness
103,195950852745,aspect_ratio
104,195950852745,storage_type
105,195950852745,connector_type
106,195950852745,bluetooth_version
107,195950852745,battery_type
108,195950852745,power_supply
109,195950852745,input_power
110,195950852745,operating_conditions
111,195950852745,certifications
112,195950852745,dimensions
113,195950852745,platform
114,195950852745,series
115,195950852745,gpu_memory
116,195950852745,audio_features
117,195950852745,microphone
118,195950852745,mouse_type
119,195950852745,battery_life_hr
120,195950852745,temperature_operating
121,195950852745,temperature_non_operating
122,195950852745,sku
123,195950853216,screen_brightness
124,195950853216,storage_type
125,195950853216,connector_type
126,195950853216,bluetooth_version
127,195950853216,battery_type
128,195950853216,power_supply
129,195950853216,input_power
130,195950853216,dimensions
131,195950853216,operating_conditions
132,195950853216,certifications
133,195950853216,material
134,195950853216,npu
135,195950853216,camera_resolution
136,195950853216,audio_features
137,195950853216,microphone
138,195950853216,mouse_type
139,195950853216,battery_life_hr
140,195950853216,temperature_operating
141,195950853216,temperature_non_operating
142,195950853216,sku
143,195950697087,screen_size
144,195950697087,display_resolution
145,195950697087,touchscreen
146,195950697087,cpu_model
147,195950697087,storage_gb
148,195950697087,ram_gb
149,195950697087,gpu_model
150,195950697087,display_connectors
151,195950697087,battery_energy
152,195950697087,input_device_features
153,195950697087,brand
154,195950697087,model_number
155,195950697087,product_name
156,195950697087,color_finish
157,195950697087,release_year
158,195950697087,cpu_brand
159,195950697087,cpu_cores
160,195950697087,ram_type
161,195950697087,gpu_type
162,195950697087,gpu_brand
163,195950697087,operating_system
164,195950697087,display_thunderbolt_ports
165,195950697087,camera
166,195950697087,height
167,195950697087,width
168,195950697087,depth
169,195950697087,weight_lb
170,195950697087,energy_star_certified
171,195950697087,epeat
172,195950697087,warranty_parts
173,195950697087,warranty_labor
174,195950697087,gtin
175,198828898210,display_type
176,198828898210,screen_size
177,198828898210,display_resolution
178,198828898210,touchscreen
179,198828898210,screen_brightness
180,198828898210,cpu_model
181,198828898210,storage_gb
182,198828898210,ram_gb
183,198828898210,gpu_model
184,198828898210,display_connectors
185,198828898210,battery_energy
186,198828898210,form_factor
187,198828898210,input_device_features
188,198828898210,brand
189,198828898210,model_number
190,198828898210,product_name
191,198828898210,color_finish
192,198828898210,release_year
193,198828898210,color_gamut
194,198828898210,cpu_brand
195,198828898210,cpu_clock_speed
196,198828898210,cpu_cores
197,198828898210,cpu_cache
198,198828898210,storage_type
199,198828898210,ram_type
200,198828898210,ram_speed
201,198828898210,gpu_type
202,198828898210,gpu_brand
203,198828898210,operating_system
204,198828898210,hdmi_ports
205,198828898210,usb_ports
206,198828898210,headphone_jack
207,198828898210,microphone
208,198828898210,wireless_connectivity
209,198828898210,wifi_standard
210,198828898210,ethernet_ports
211,198828898210,cooling_system
212,198828898210,power_supply
213,198828898210,camera
214,198828898210,camera_resolution
215,198828898210,card_reader
216,198828898210,audio_features
217,198828898210,security_features
218,198828898210,height
219,198828898210,width
220,198828898210,depth
221,198828898210,weight_lb
222,198828898210,energy_star_certified
223,198828898210,epeat
224,198828898210,software_app
225,198828898210,warranty_parts
226,198828898210,warranty_labor
227,198828898210,gtin
228,195950697087,screen_brightness
229,195950697087,storage_type
230,195950697087,ports_io
231,195950697087,wireless_connectivity
232,195950697087,bluetooth_version
233,195950697087,battery_type
234,195950697087,power_supply
235,195950697087,dimensions
236,195950697087,security_features
237,195950697087,certifications
238,198828898210,refresh_rate
239,198828898210,ports_io
240,198828898210,dimensions
241,198828898210,memory_slots
242,199251266874,display_type
243,199251266874,screen_size
244,199251266874,display_resolution
245,199251266874,touchscreen
246,199251266874,refresh_rate
247,199251266874,screen_brightness
248,199251266874,cpu_model
249,199251266874,storage_gb
250,199251266874,ram_gb
251,199251266874,gpu_model
252,199251266874,display_connectors
253,199251266874,battery_energy
254,199251266874,form_factor
255,199251266874,input_device_features
256,199251266874,brand
257,199251266874,model_number
258,199251266874,product_name
259,199251266874,color_finish
260,199251266874,release_year
261,199251266874,display_surface
262,199251266874,color_gamut
263,199251266874,cpu_brand
264,199251266874,cpu_clock_speed
265,199251266874,cpu_cores
266,199251266874,cpu_cache
267,199251266874,npu
268,199251266874,storage_type
269,199251266874,ram_type
270,199251266874,ram_speed
271,199251266874,gpu_type
272,199251266874,gpu_brand
273,199251266874,gpu_memory
274,199251266874,operating_system
275,199251266874,hdmi_ports
276,199251266874,display_thunderbolt_ports
277,199251266874,vga_ports
278,199251266874,usb_ports
279,199251266874,headphone_jack
280,199251266874,microphone
281,199251266874,wireless_connectivity
282,199251266874,wifi_standard
283,199251266874,ethernet_ports
284,199251266874,power_supply
285,199251266874,camera
286,199251266874,camera_resolution
287,199251266874,card_reader
288,199251266874,audio_features
289,199251266874,ai_features
290,199251266874,material
291,199251266874,height
292,199251266874,width
293,199251266874,depth
294,199251266874,weight_lb
295,199251266874,energy_star_certified
296,199251266874,epeat
297,199251266874,software_app
298,199251266874,warranty_parts
299,199251266874,warranty_labor
300,199251266874,gtin
301,199251266874,aspect_ratio
302,199251266874,included_accessories
303,199251266874,model_name
304,199251266874,features
305,199251266874,connector_type
306,199251266874,dimensions
307,199251266874,warranty
308,199251266874,certifications
309,199251266874,condition
310,199251266874,cpu_series
311,198990291222,screen_size
312,198990291222,display_resolution
313,198990291222,touchscreen
314,198990291222,screen_brightness
315,198990291222,cpu_model
316,198990291222,storage_gb
317,198990291222,ram_gb
318,198990291222,gpu_model
319,198990291222,display_connectors
320,198990291222,battery_energy
321,198990291222,form_factor
322,198990291222,input_device_features
323,198990291222,brand
324,198990291222,model_number
325,198990291222,product_name
326,198990291222,color_finish
327,198990291222,release_year
328,198990291222,display_type
329,198990291222,display_surface
330,198990291222,color_gamut
331,198990291222,cpu_brand
332,198990291222,cpu_clock_speed
333,198990291222,cpu_cores
334,198990291222,cpu_cache
335,198990291222,ram_type
336,198990291222,ram_speed
337,198990291222,gpu_type
338,198990291222,gpu_brand
339,198990291222,operating_system
340,198990291222,hdmi_ports
341,198990291222,usb_ports
342,198990291222,headphone_jack
343,198990291222,microphone
344,198990291222,wireless_connectivity
345,198990291222,wifi_standard
346,198990291222,ethernet_ports
347,198990291222,cooling_system
348,198990291222,power_supply
349,198990291222,camera
350,198990291222,camera_resolution
351,198990291222,card_reader
352,198990291222,audio_features
353,198990291222,height
354,198990291222,width
355,198990291222,depth
356,198990291222,weight_lb
357,198990291222,energy_star_certified
358,198990291222,epeat
359,198990291222,software_app
360,198990291222,storage_type
361,198990291222,warranty_parts
362,198990291222,warranty_labor
363,198990291222,gtin
364,198990291222,aspect_ratio
365,198990291222,connector_type
366,198990291222,cpu_series
367,198990291222,warranty
368,198990291222,features
369,198990291222,dimensions
370,198990291222,condition
371,198990291222,certifications
372,198990291222,battery_cells
373,198990291222,package_weight
374,199485172644,display_type
375,199485172644,screen_size
376,199485172644,display_resolution
377,199485172644,touchscreen
378,199485172644,screen_brightness
379,199485172644,cpu_model
380,199485172644,storage_gb
381,199485172644,ram_gb
382,199485172644,gpu_model
383,199485172644,display_connectors
384,199485172644,battery_energy
385,199485172644,input_device_features
386,199485172644,brand
387,199485172644,model_number
388,199485172644,product_name
389,199485172644,color_finish
390,199485172644,release_year
391,199485172644,display_surface
392,199485172644,color_gamut
393,199485172644,cpu_brand
394,199485172644,cpu_clock_speed
395,199485172644,cpu_cores
396,199485172644,cpu_cache
397,199485172644,npu
398,199485172644,storage_type
399,199485172644,ram_type
400,199485172644,ram_speed
401,199485172644,gpu_type
402,199485172644,gpu_brand
403,199485172644,operating_system
404,199485172644,hdmi_ports
405,199485172644,display_thunderbolt_ports
406,199485172644,usb_ports
407,199485172644,headphone_jack
408,199485172644,microphone
409,199485172644,wireless_connectivity
410,199485172644,wifi_standard
411,199485172644,ethernet_ports
412,199485172644,power_supply
413,199485172644,camera
414,199485172644,camera_resolution
415,199485172644,card_reader
416,199485172644,audio_features
417,199485172644,ai_features
418,199485172644,security_features
419,199485172644,height
420,199485172644,width
421,199485172644,depth
422,199485172644,weight_lb
423,199485172644,energy_star_certified
424,199485172644,epeat
425,199485172644,software_app
426,199485172644,warranty_parts
427,199485172644,warranty_labor
428,199485172644,gtin
429,199485172644,aspect_ratio
430,199485172644,cpu_series
431,199485172644,dimensions
432,199485172644,warranty
433,199485172644,features
434,199485172644,connector_type
435,199485172644,condition
436,199485172644,certifications
437,199485172644,model_name
438,199485172644,refresh_rate
439,199485172644,number_of_ports
440,199485172644,certification_id
441,198156688347,display_type
442,198156688347,screen_size
443,198156688347,display_resolution
444,198156688347,touchscreen
445,198156688347,refresh_rate
446,198156688347,screen_brightness
447,198156688347,cpu_model
448,198156688347,cpu_base_clock_frequency
449,198156688347,storage_gb
450,198156688347,ram_gb
451,198156688347,gpu_model
452,198156688347,display_connectors
453,198156688347,battery_energy
454,198156688347,form_factor
455,198156688347,input_device_features
456,198156688347,brand
457,198156688347,model_number
458,198156688347,product_name
459,198156688347,color_finish
460,198156688347,release_year
461,198156688347,color_gamut
462,198156688347,cpu_brand
463,198156688347,cpu_cores
464,198156688347,cpu_threads
465,198156688347,npu
466,198156688347,ram_type
467,198156688347,ram_speed
468,198156688347,gpu_type
469,198156688347,gpu_brand
470,198156688347,operating_system
471,198156688347,hdmi_ports
472,198156688347,usb_ports
473,198156688347,headphone_jack
474,198156688347,microphone
475,198156688347,wireless_connectivity
476,198156688347,wifi_standard
477,198156688347,ethernet_ports
478,198156688347,power_supply
479,198156688347,m2_slots
480,198156688347,camera
481,198156688347,camera_resolution
482,198156688347,gps_enabled
483,198156688347,card_reader
484,198156688347,customizable_case_lighting
485,198156688347,audio_features
486,198156688347,chrome_features
487,198156688347,ai_features
488,198156688347,security_features
489,198156688347,material
490,198156688347,height
491,198156688347,width
492,198156688347,depth
493,198156688347,weight_lb
494,198156688347,energy_star_certified
495,198156688347,epeat
496,198156688347,storage_type
497,198156688347,warranty_parts
498,198156688347,warranty_labor
499,198156688347,gtin
500,198156688347,aspect_ratio
501,198156688347,cpu_clock_speed
502,198156688347,cpu_series
503,198156688347,dimensions
504,198156688347,warranty
505,198156688347,features
506,198156688347,connector_type
507,198156688347,condition
508,198156688347,certifications
575,884116430322,display_type
576,884116430322,screen_size
577,884116430322,display_resolution
578,884116430322,touchscreen
579,884116430322,refresh_rate
580,884116430322,screen_brightness
581,884116430322,cpu_model
582,884116430322,cpu_base_clock_frequency
583,884116430322,storage_gb
584,884116430322,ram_gb
585,884116430322,gpu_model
586,884116430322,display_connectors
587,884116430322,battery_energy
588,884116430322,form_factor
589,884116430322,input_device_features
590,884116430322,brand
591,884116430322,model_number
592,884116430322,product_name
593,884116430322,color_finish
594,884116430322,release_year
595,884116430322,synchronization_technology
596,884116430322,display_surface
597,884116430322,color_gamut
598,884116430322,cpu_brand
599,884116430322,cpu_clock_speed
600,884116430322,cpu_cores
601,884116430322,cpu_threads
602,884116430322,cpu_cache
603,884116430322,npu
604,884116430322,storage_type
605,884116430322,ram_type
606,884116430322,ram_speed
607,884116430322,memory_slots
608,884116430322,system_memory_ram_expandable_to
609,884116430322,gpu_type
610,884116430322,gpu_brand
611,884116430322,operating_system
612,884116430322,operating_system_architecture
613,884116430322,hdmi_ports
614,884116430322,usb_ports
615,884116430322,headphone_jack
616,884116430322,microphone
617,884116430322,wireless_connectivity
618,884116430322,wifi_standard
619,884116430322,ethernet_ports
620,884116430322,cooling_system
621,884116430322,input_power
622,884116430322,power_supply
623,884116430322,m2_slots
624,884116430322,camera
625,884116430322,camera_megapixels
626,884116430322,camera_resolution
627,884116430322,gps_enabled
628,884116430322,card_reader
629,884116430322,audio_features
630,884116430322,ai_features
631,884116430322,security_features
632,884116430322,height
633,884116430322,width
634,884116430322,depth
635,884116430322,weight_lb
636,884116430322,energy_star_certified
637,884116430322,epeat
638,884116430322,software_app
639,884116430322,warranty_parts
640,884116430322,warranty_labor
641,884116430322,gtin
656,884116742180,cpu_model
657,884116742180,ram_gb
658,884116742180,product_style
659,884116742180,operating_system
660,884116742180,cpu_cores
661,884116742180,energy_consumption
662,884116742180,ethernet_ports
663,884116742180,touchscreen
664,884116742180,energy_star_certified
665,884116742180,date_available
666,884116742180,date_certified
667,884116742180,features
668,884116742180,certification_id
669,884116742180,gtin
670,884116742180,model_number
901,197192458518,screen_size
902,197192458518,display_resolution
903,197192458518,touchscreen
904,197192458518,screen_brightness
905,197192458518,cpu_model
906,197192458518,cpu_base_clock_frequency
907,197192458518,storage_gb
908,197192458518,ram_gb
909,197192458518,gpu_model
910,197192458518,display_connectors
911,197192458518,battery_energy
912,197192458518,form_factor
913,197192458518,input_device_features
914,197192458518,brand
915,197192458518,model_number
916,197192458518,product_name
917,197192458518,color_finish
918,197192458518,release_year
919,197192458518,display_type
920,197192458518,color_gamut
921,197192458518,cpu_brand
922,197192458518,cpu_clock_speed
923,197192458518,cpu_cores
924,197192458518,unlocked_processor
925,197192458518,cpu_cache
926,197192458518,npu
927,197192458518,ram_type
928,197192458518,ram_speed
929,197192458518,memory_slots
930,197192458518,gpu_type
931,197192458518,gpu_brand
932,197192458518,operating_system
933,197192458518,voice_assistant
934,197192458518,compatibility
935,197192458518,hdmi_ports
936,197192458518,display_thunderbolt_ports
937,197192458518,vga_ports
938,197192458518,usb_ports
939,197192458518,headphone_jack
940,197192458518,microphone
941,197192458518,wireless_connectivity
942,197192458518,wifi_standard
943,197192458518,ethernet_ports
944,197192458518,power_supply
945,197192458518,camera
946,197192458518,camera_resolution
947,197192458518,gps_enabled
948,197192458518,card_reader
949,197192458518,audio_features
950,197192458518,chrome_features
951,197192458518,security_features
952,197192458518,height
953,197192458518,width
954,197192458518,depth
955,197192458518,weight_lb
956,197192458518,energy_star_certified
957,197192458518,epeat
958,197192458518,storage_type
959,197192458518,warranty_parts
960,197192458518,warranty_labor
961,197192458518,gtin
962,197192458518,ports_io
963,197192458518,dimensions
964,197192458518,battery_capacity
965,197192458518,aspect_ratio
966,197192458518,cpu_series
967,197192458518,warranty
968,197192458518,features
969,197192458518,connector_type
970,197192458518,condition
971,197192458518,certifications
1012,198153128372,screen_size
1013,198153128372,display_resolution
1014,198153128372,touchscreen
1015,198153128372,refresh_rate
1016,198153128372,screen_brightness
1017,198153128372,cpu_model
1018,198153128372,storage_gb
1019,198153128372,ram_gb
1020,198153128372,gpu_model
1021,198153128372,display_connectors
1022,198153128372,battery_energy
1023,198153128372,form_factor
1024,198153128372,input_device_features
1025,198153128372,brand
1026,198153128372,model_number
1027,198153128372,product_name
1028,198153128372,color_finish
1029,198153128372,release_year
1030,198153128372,display_type
1031,198153128372,color_gamut
1032,198153128372,cpu_brand
1033,198153128372,cpu_cores
1034,198153128372,npu
1035,198153128372,ram_type
1036,198153128372,gpu_type
1037,198153128372,gpu_brand
1038,198153128372,operating_system
1039,198153128372,compatibility
1040,198153128372,hdmi_ports
1041,198153128372,display_thunderbolt_ports
1042,198153128372,vga_ports
1043,198153128372,external_display_support
1044,198153128372,usb_ports
1045,198153128372,headphone_jack
1046,198153128372,microphone
1047,198153128372,wireless_connectivity
1048,198153128372,wifi_standard
1049,198153128372,ethernet_ports
1050,198153128372,camera
1051,198153128372,gps_enabled
1052,198153128372,card_reader
1053,198153128372,customizable_case_lighting
1054,198153128372,audio_features
1055,198153128372,ai_features
1056,198153128372,security_features
1057,198153128372,material
1058,198153128372,height
1059,198153128372,width
1060,198153128372,depth
1061,198153128372,weight_lb
1062,198153128372,energy_star_certified
1063,198153128372,epeat
1064,198153128372,software_app
1065,198153128372,storage_type
1066,198153128372,warranty_parts
1067,198153128372,warranty_labor
1068,198153128372,gtin
1069,199271336601,screen_size
1070,199271336601,display_resolution
1071,199271336601,touchscreen
1072,199271336601,screen_brightness
1073,199271336601,cpu_model
1074,199271336601,cpu_base_clock_frequency
1075,199271336601,storage_gb
1076,199271336601,ram_gb
1077,199271336601,gpu_model
1078,199271336601,display_connectors
1079,199271336601,battery_energy
1080,199271336601,form_factor
1081,199271336601,input_device_features
1082,199271336601,brand
1083,199271336601,model_number
1084,199271336601,product_name
1085,199271336601,color_finish
1086,199271336601,release_year
1087,199271336601,display_type
1088,199271336601,display_surface
1089,199271336601,cpu_brand
1090,199271336601,cpu_clock_speed
1091,199271336601,cpu_cores
1092,199271336601,cpu_threads
1093,199271336601,unlocked_processor
1094,199271336601,cpu_cache
1095,199271336601,npu
1096,199271336601,ram_type
1097,199271336601,ram_speed
1098,199271336601,memory_slots
1099,199271336601,gpu_type
1100,199271336601,gpu_brand
1101,199271336601,operating_system
1102,199271336601,hdmi_ports
1103,199271336601,display_thunderbolt_ports
1104,199271336601,vga_ports
1105,199271336601,usb_ports
1106,199271336601,headphone_jack
1107,199271336601,microphone
1108,199271336601,wireless_connectivity
1109,199271336601,wifi_standard
1110,199271336601,ethernet_ports
1111,199271336601,power_supply
1112,199271336601,camera
1113,199271336601,camera_resolution
1114,199271336601,card_reader
1115,199271336601,customizable_case_lighting
1116,199271336601,audio_features
1117,199271336601,ai_features
1118,199271336601,security_features
1119,199271336601,material
1120,199271336601,height
1121,199271336601,width
1122,199271336601,depth
1123,199271336601,weight_lb
1124,199271336601,energy_star_certified
1125,199271336601,epeat
1126,199271336601,software_app
1127,199271336601,storage_type
1128,199271336601,warranty_parts
1129,199271336601,warranty_labor
1130,199271336601,gtin
1131,198153128372,battery_type
1132,198153128372,product_height_inches
1133,198153128372,product_width_inches
1134,198153128372,product_depth_inches
1135,199271336601,aspect_ratio
1136,199271336601,dimensions
1137,199271336601,connector_type
1138,199271336601,warranty
1139,199271336601,features
1140,199271336601,cpu_series
1141,199271336601,condition
1142,199271336601,certifications
1143,196803504613,display_type
1144,196803504613,screen_size
1145,196803504613,display_resolution
1146,196803504613,touchscreen
1147,196803504613,refresh_rate
1148,196803504613,screen_brightness
1149,196803504613,cpu_model
1150,196803504613,cpu_base_clock_frequency
1151,196803504613,storage_gb
1152,196803504613,ram_gb
1153,196803504613,gpu_model
1154,196803504613,display_connectors
1155,196803504613,battery_energy
1156,196803504613,form_factor
1157,196803504613,input_device_features
1158,196803504613,brand
1159,196803504613,model_number
1160,196803504613,product_name
1161,196803504613,color_finish
1162,196803504613,release_year
1163,196803504613,color_gamut
1164,196803504613,cpu_brand
1165,196803504613,cpu_clock_speed
1166,196803504613,cpu_cores
1167,196803504613,npu
1168,196803504613,ram_type
1169,196803504613,ram_speed
1170,196803504613,memory_slots
1171,196803504613,gpu_type
1172,196803504613,gpu_brand
1173,196803504613,operating_system
1174,196803504613,operating_system_architecture
1175,196803504613,voice_assistant
1176,196803504613,compatibility
1177,196803504613,hdmi_ports
1178,196803504613,display_thunderbolt_ports
1179,196803504613,vga_ports
1180,196803504613,external_display_support
1181,196803504613,usb_ports
1182,196803504613,usb_a_ports
1183,196803504613,usb_c_ports
1184,196803504613,headphone_jack
1185,196803504613,microphone
1186,196803504613,wireless_connectivity
1187,196803504613,wifi_standard
1188,196803504613,ethernet_ports
1189,196803504613,cooling_system
1190,196803504613,input_power
1191,196803504613,power_supply
1192,196803504613,camera
1193,196803504613,camera_resolution
1194,196803504613,gps_enabled
1195,196803504613,card_reader
1196,196803504613,customizable_case_lighting
1197,196803504613,audio_features
1198,196803504613,chrome_features
1199,196803504613,ai_features
1200,196803504613,security_features
1201,196803504613,material
1202,196803504613,height
1203,196803504613,width
1204,196803504613,depth
1205,196803504613,weight_lb
1206,196803504613,energy_star_certified
1207,196803504613,epeat
1208,196803504613,storage_type
1209,196803504613,warranty_parts
1210,196803504613,warranty_labor
1211,196803504613,gtin
1212,198153907472,display_type
1213,198153907472,screen_size
1214,198153907472,display_resolution
1215,198153907472,touchscreen
1216,198153907472,refresh_rate
1217,198153907472,screen_brightness
1218,198153907472,cpu_model
1219,198153907472,storage_gb
1220,198153907472,ram_gb
1221,198153907472,gpu_model
1222,198153907472,display_connectors
1223,198153907472,battery_energy
1224,198153907472,form_factor
1225,198153907472,input_device_features
1226,198153907472,brand
1227,198153907472,model_number
1228,198153907472,product_name
1229,198153907472,color_finish
1230,198153907472,release_year
1231,198153907472,color_gamut
1232,198153907472,cpu_brand
1233,198153907472,cpu_cores
1234,198153907472,npu
1235,198153907472,ram_type
1236,198153907472,ram_speed
1237,198153907472,memory_slots
1238,198153907472,gpu_type
1239,198153907472,gpu_brand
1240,198153907472,operating_system
1241,198153907472,compatibility
1242,198153907472,hdmi_ports
1243,198153907472,display_thunderbolt_ports
1244,198153907472,vga_ports
1245,198153907472,external_display_support
1246,198153907472,usb_ports
1247,198153907472,headphone_jack
1248,198153907472,microphone
1249,198153907472,wireless_connectivity
1250,198153907472,wifi_standard
1251,198153907472,ethernet_ports
1252,198153907472,input_power
1253,198153907472,power_supply
1254,198153907472,camera
1255,198153907472,camera_megapixels
1256,198153907472,gps_enabled
1257,198153907472,card_reader
1258,198153907472,customizable_case_lighting
1259,198153907472,audio_features
1260,198153907472,chrome_features
1261,198153907472,ai_features
1262,198153907472,security_features
1263,198153907472,material
1264,198153907472,height
1265,198153907472,width
1266,198153907472,depth
1267,198153907472,weight_lb
1268,198153907472,energy_star_certified
1269,198153907472,epeat
1270,198153907472,storage_type
1271,198153907472,warranty_parts
1272,198153907472,warranty_labor
1273,198153907472,gtin
1274,196803504613,product_style
1275,196803504613,energy_consumption
1276,196803504613,date_available
1277,196803504613,date_certified
1278,196803504613,features
1279,196803504613,certification_id
1280,196803504613,aspect_ratio
1281,196803504613,dimensions
1282,196803504613,cpu_series
1283,196803504613,warranty
1284,196803504613,connector_type
1285,196803504613,condition
1286,196803504613,certifications
1287,198153907472,dimensions
1288,198153907472,camera_resolution
1289,198153907472,ports_io
1290,198153907472,cpu_clock_speed
1291,198153907472,battery_type
1292,198153907472,product_height_inches
1293,198153907472,product_width_inches
1294,198153907472,product_depth_inches
1295,198153907472,battery_cells
1296,884116742180,screen_size
1297,884116742180,display_resolution
1298,884116742180,storage_gb
1299,884116742180,gpu_model
1300,884116742180,display_connectors
1301,884116742180,battery_energy
1302,884116742180,input_device_features
1303,884116742180,brand
1304,884116742180,product_name
1305,884116742180,color_finish
1306,884116742180,release_year
1307,884116742180,cpu_brand
1308,884116742180,ram_type
1309,884116742180,gpu_type
1310,884116742180,gpu_brand
1311,884116742180,hdmi_ports
1312,884116742180,camera
1313,884116742180,height
1314,884116742180,width
1315,884116742180,depth
1316,884116742180,weight_lb
1317,884116742180,warranty_parts
1318,884116742180,warranty_labor
1521,810215808519,screen_size
1522,810215808519,display_resolution
1523,810215808519,touchscreen
1524,810215808519,refresh_rate
1525,810215808519,cpu_model
1526,810215808519,storage_gb
1527,810215808519,ram_gb
1528,810215808519,gpu_model
1529,810215808519,display_connectors
1530,810215808519,battery_energy
1531,810215808519,input_device_features
1532,810215808519,brand
1533,810215808519,product_name
1534,810215808519,color_finish
1535,810215808519,release_year
1536,810215808519,cpu_brand
1537,810215808519,ram_type
1538,810215808519,ram_speed
1539,810215808519,memory_slots
1540,810215808519,gpu_type
1541,810215808519,gpu_brand
1542,810215808519,operating_system
1543,810215808519,hdmi_ports
1544,810215808519,display_thunderbolt_ports
1545,810215808519,vga_ports
1546,810215808519,usb_ports
1547,810215808519,headphone_jack
1548,810215808519,microphone
1549,810215808519,wireless_connectivity
1550,810215808519,wifi_standard
1551,810215808519,ethernet_ports
1552,810215808519,camera
1553,810215808519,height
1554,810215808519,width
1555,810215808519,depth
1556,810215808519,weight_lb
1557,810215808519,energy_star_certified
1558,810215808519,warranty_parts
1559,810215808519,warranty_labor
1560,810215808519,gtin
1561,810215808519,cpu_clock_speed
1562,810215808519,aspect_ratio
1563,810215808519,cpu_series
1564,810215808519,storage_type
1565,810215808519,cpu_cores
1566,810215808519,dimensions
1567,810215808519,warranty
1568,810215808519,connector_type
1569,810215808519,features
1570,810215808519,certifications
1571,810215808519,condition
1752,884116430315,display_type
1753,884116430315,screen_size
1754,884116430315,display_resolution
1755,884116430315,touchscreen
1756,884116430315,refresh_rate
1757,884116430315,screen_brightness
1758,884116430315,cpu_model
1759,884116430315,cpu_base_clock_frequency
1760,884116430315,storage_gb
1761,884116430315,ram_gb
1762,884116430315,gpu_model
1763,884116430315,display_connectors
1764,884116430315,battery_energy
1765,884116430315,form_factor
1766,884116430315,input_device_features
1767,884116430315,brand
1768,884116430315,model_number
1769,884116430315,product_name
1770,884116430315,color_finish
1771,884116430315,release_year
1772,884116430315,synchronization_technology
1773,884116430315,display_surface
1774,884116430315,color_gamut
1775,884116430315,cpu_brand
1776,884116430315,cpu_clock_speed
1777,884116430315,cpu_cores
1778,884116430315,cpu_threads
1779,884116430315,cpu_cache
1780,884116430315,npu
1781,884116430315,storage_type
1782,884116430315,ram_type
1783,884116430315,ram_speed
1784,884116430315,memory_slots
1785,884116430315,system_memory_ram_expandable_to
1786,884116430315,gpu_type
1787,884116430315,gpu_brand
1788,884116430315,operating_system
1789,884116430315,operating_system_architecture
1790,884116430315,hdmi_ports
1791,884116430315,usb_ports
1792,884116430315,headphone_jack
1793,884116430315,microphone
1794,884116430315,wireless_connectivity
1795,884116430315,wifi_standard
1796,884116430315,ethernet_ports
1797,884116430315,cooling_system
1798,884116430315,input_power
1799,884116430315,power_supply
1800,884116430315,camera
1801,884116430315,camera_megapixels
1802,884116430315,camera_resolution
1803,884116430315,gps_enabled
1804,884116430315,card_reader
1805,884116430315,audio_features
1806,884116430315,ai_features
1807,884116430315,security_features
1808,884116430315,height
1809,884116430315,width
1810,884116430315,depth
1811,884116430315,weight_lb
1812,884116430315,energy_star_certified
1813,884116430315,epeat
1814,884116430315,software_app
1815,884116430315,warranty_parts
1816,884116430315,warranty_labor
1817,884116430315,gtin
1818,884116430315,aspect_ratio
1819,884116430315,cpu_series
1820,884116430315,connector_type
1821,884116430315,dimensions
1822,884116430315,warranty
1823,884116430315,features
1824,884116430315,condition
1825,884116430315,certifications
1865,198415330239,display_type
1866,198415330239,screen_size
1867,198415330239,display_resolution
1868,198415330239,touchscreen
1869,198415330239,screen_brightness
1870,198415330239,cpu_model
1871,198415330239,storage_gb
1872,198415330239,ram_gb
1873,198415330239,gpu_model
1874,198415330239,display_connectors
1875,198415330239,battery_energy
1876,198415330239,form_factor
1877,198415330239,input_device_features
1878,198415330239,brand
1879,198415330239,model_number
1880,198415330239,product_name
1881,198415330239,color_finish
1882,198415330239,release_year
1883,198415330239,color_gamut
1884,198415330239,cpu_brand
1885,198415330239,cpu_clock_speed
1886,198415330239,cpu_cores
1887,198415330239,unlocked_processor
1888,198415330239,cpu_cache
1889,198415330239,npu
1890,198415330239,ram_type
1891,198415330239,ram_speed
1892,198415330239,gpu_type
1893,198415330239,gpu_brand
1894,198415330239,operating_system
1895,198415330239,voice_assistant
1896,198415330239,display_thunderbolt_ports
1897,198415330239,vga_ports
1898,198415330239,external_display_support
1899,198415330239,usb_ports
1900,198415330239,headphone_jack
1901,198415330239,microphone
1902,198415330239,wireless_connectivity
1903,198415330239,wifi_standard
1904,198415330239,ethernet_ports
1905,198415330239,power_supply
1906,198415330239,camera
1907,198415330239,camera_resolution
1908,198415330239,gps_enabled
1909,198415330239,card_reader
1910,198415330239,audio_features
1911,198415330239,ai_features
1912,198415330239,security_features
1913,198415330239,height
1914,198415330239,width
1915,198415330239,depth
1916,198415330239,weight_lb
1917,198415330239,energy_star_certified
1918,198415330239,epeat
1919,198415330239,storage_type
1920,198415330239,warranty_parts
1921,198415330239,warranty_labor
1922,198415330239,gtin
1997,810215804047,screen_size
1998,810215804047,display_resolution
1999,810215804047,touchscreen
2000,810215804047,refresh_rate
2001,810215804047,cpu_model
2002,810215804047,storage_gb
2003,810215804047,ram_gb
2004,810215804047,gpu_model
2005,810215804047,display_connectors
2006,810215804047,battery_energy
2007,810215804047,input_device_features
2008,810215804047,brand
2009,810215804047,model_number
2010,810215804047,product_name
2011,810215804047,color_finish
2012,810215804047,release_year
2013,810215804047,cpu_brand
2014,810215804047,ram_type
2015,810215804047,ram_speed
2016,810215804047,memory_slots
2017,810215804047,gpu_type
2018,810215804047,gpu_brand
2019,810215804047,operating_system
2020,810215804047,hdmi_ports
2021,810215804047,display_thunderbolt_ports
2022,810215804047,vga_ports
2023,810215804047,usb_ports
2024,810215804047,headphone_jack
2025,810215804047,microphone
2026,810215804047,wireless_connectivity
2027,810215804047,wifi_standard
2028,810215804047,ethernet_ports
2029,810215804047,camera
2030,810215804047,height
2031,810215804047,width
2032,810215804047,depth
2033,810215804047,weight_lb
2034,810215804047,energy_star_certified
2035,810215804047,warranty_parts
2036,810215804047,warranty_labor
2037,810215804047,gtin
2038,810215804047,aspect_ratio
2039,810215804047,storage_type
2040,810215804047,dimensions
2041,810215804047,cpu_cores
2042,810215804047,cpu_clock_speed
2043,810215804047,cpu_series
2044,810215804047,warranty
2045,810215804047,features
2046,810215804047,connector_type
2047,810215804047,certifications
2048,810215804047,condition
2088,810215805037,screen_size
2089,810215805037,display_resolution
2090,810215805037,touchscreen
2091,810215805037,refresh_rate
2092,810215805037,cpu_model
2093,810215805037,storage_gb
2094,810215805037,ram_gb
2095,810215805037,gpu_model
2096,810215805037,display_connectors
2097,810215805037,battery_energy
2098,810215805037,input_device_features
2099,810215805037,brand
2100,810215805037,model_number
2101,810215805037,product_name
2102,810215805037,color_finish
2103,810215805037,release_year
2104,810215805037,cpu_brand
2105,810215805037,ram_type
2106,810215805037,ram_speed
2107,810215805037,memory_slots
2108,810215805037,gpu_type
2109,810215805037,gpu_brand
2110,810215805037,operating_system
2111,810215805037,hdmi_ports
2112,810215805037,display_thunderbolt_ports
2113,810215805037,vga_ports
2114,810215805037,usb_ports
2115,810215805037,headphone_jack
2116,810215805037,microphone
2117,810215805037,wireless_connectivity
2118,810215805037,wifi_standard
2119,810215805037,ethernet_ports
2120,810215805037,camera
2121,810215805037,height
2122,810215805037,width
2123,810215805037,depth
2124,810215805037,weight_lb
2125,810215805037,energy_star_certified
2126,810215805037,warranty_parts
2127,810215805037,warranty_labor
2128,810215805037,gtin
2129,810215805037,aspect_ratio
2130,810215805037,storage_type
2131,810215805037,cpu_cores
2132,810215805037,warranty
2133,810215805037,cpu_clock_speed
2134,810215805037,features
2135,810215805037,connector_type
2136,810215805037,certifications
2137,810215805037,dimensions
2138,810215805037,condition
2139,810215805037,cpu_series
2140,810215802661,screen_size
2141,810215802661,display_resolution
2142,810215802661,touchscreen
2143,810215802661,refresh_rate
2144,810215802661,cpu_model
2145,810215802661,storage_gb
2146,810215802661,ram_gb
2147,810215802661,gpu_model
2148,810215802661,display_connectors
2149,810215802661,battery_energy
2150,810215802661,input_device_features
2151,810215802661,brand
2152,810215802661,product_name
2153,810215802661,color_finish
2154,810215802661,release_year
2155,810215802661,cpu_brand
2156,810215802661,ram_type
2157,810215802661,ram_speed
2158,810215802661,memory_slots
2159,810215802661,gpu_type
2160,810215802661,gpu_brand
2161,810215802661,operating_system
2162,810215802661,hdmi_ports
2163,810215802661,display_thunderbolt_ports
2164,810215802661,vga_ports
2165,810215802661,usb_ports
2166,810215802661,headphone_jack
2167,810215802661,microphone
2168,810215802661,wireless_connectivity
2169,810215802661,wifi_standard
2170,810215802661,ethernet_ports
2171,810215802661,camera
2172,810215802661,height
2173,810215802661,width
2174,810215802661,depth
2175,810215802661,weight_lb
2176,810215802661,energy_star_certified
2177,810215802661,warranty_parts
2178,810215802661,warranty_labor
2179,810215802661,gtin
2180,810215802661,aspect_ratio
2181,810215802661,storage_type
2182,810215802661,cpu_series
2183,810215802661,cpu_cores
2184,810215802661,cpu_clock_speed
2185,810215802661,warranty
2186,810215802661,features
2187,810215802661,certifications
2188,810215802661,condition
2189,810215802661,connector_type
2190,810215802661,dimensions
2191,810215806645,screen_size
2192,810215806645,display_resolution
2193,810215806645,touchscreen
2194,810215806645,refresh_rate
2195,810215806645,cpu_model
2196,810215806645,storage_gb
2197,810215806645,ram_gb
2198,810215806645,gpu_model
2199,810215806645,display_connectors
2200,810215806645,battery_energy
2201,810215806645,input_device_features
2202,810215806645,brand
2203,810215806645,product_name
2204,810215806645,color_finish
2205,810215806645,release_year
2206,810215806645,cpu_brand
2207,810215806645,ram_type
2208,810215806645,ram_speed
2209,810215806645,memory_slots
2210,810215806645,gpu_type
2211,810215806645,gpu_brand
2212,810215806645,operating_system
2213,810215806645,hdmi_ports
2214,810215806645,display_thunderbolt_ports
2215,810215806645,vga_ports
2216,810215806645,usb_ports
2217,810215806645,headphone_jack
2218,810215806645,microphone
2219,810215806645,wireless_connectivity
2220,810215806645,wifi_standard
2221,810215806645,ethernet_ports
2222,810215806645,camera
2223,810215806645,height
2224,810215806645,width
2225,810215806645,depth
2226,810215806645,weight_lb
2227,810215806645,energy_star_certified
2228,810215806645,warranty_parts
2229,810215806645,warranty_labor
2230,810215806645,gtin
2231,810215806645,aspect_ratio
2232,810215806645,storage_type
2233,810215806645,dimensions
2234,810215806645,cpu_cores
2235,810215806645,cpu_clock_speed
2236,810215806645,warranty
2237,810215806645,features
2238,810215806645,connector_type
2239,810215806645,certifications
2240,810215806645,condition
2241,810215806645,cpu_series
2242,198990262185,screen_size
2243,198990262185,display_resolution
2244,198990262185,touchscreen
2245,198990262185,screen_brightness
2246,198990262185,cpu_model
2247,198990262185,storage_gb
2248,198990262185,ram_gb
2249,198990262185,gpu_model
2250,198990262185,display_connectors
2251,198990262185,battery_energy
2252,198990262185,form_factor
2253,198990262185,input_device_features
2254,198990262185,brand
2255,198990262185,model_number
2256,198990262185,product_name
2257,198990262185,color_finish
2258,198990262185,release_year
2259,198990262185,display_type
2260,198990262185,display_surface
2261,198990262185,color_gamut
2262,198990262185,cpu_brand
2263,198990262185,cpu_clock_speed
2264,198990262185,cpu_cores
2265,198990262185,cpu_cache
2266,198990262185,ram_type
2267,198990262185,ram_speed
2268,198990262185,gpu_type
2269,198990262185,gpu_brand
2270,198990262185,operating_system
2271,198990262185,voice_assistant
2272,198990262185,hdmi_ports
2273,198990262185,usb_ports
2274,198990262185,headphone_jack
2275,198990262185,microphone
2276,198990262185,wireless_connectivity
2277,198990262185,wifi_standard
2278,198990262185,cooling_system
2279,198990262185,power_supply
2280,198990262185,camera
2281,198990262185,camera_resolution
2282,198990262185,audio_features
2283,198990262185,chrome_features
2284,198990262185,height
2285,198990262185,width
2286,198990262185,depth
2287,198990262185,weight_lb
2288,198990262185,energy_star_certified
2289,198990262185,epeat
2290,198990262185,storage_type
2291,198990262185,warranty_parts
2292,198990262185,warranty_labor
2293,198990262185,gtin
2294,198990262185,aspect_ratio
2295,198990262185,warranty
2296,198990262185,features
2297,198990262185,dimensions
2298,198990262185,connector_type
2299,198990262185,condition
2300,198990262185,certifications
2301,198990262185,cpu_series
2302,198990262185,model_name
2303,198990262185,bluetooth_version
2304,197531451583,display_type
2305,197531451583,screen_size
2306,197531451583,display_resolution
2307,197531451583,touchscreen
2308,197531451583,screen_brightness
2309,197531451583,cpu_model
2310,197531451583,cpu_base_clock_frequency
2311,197531451583,storage_gb
2312,197531451583,ram_gb
2313,197531451583,gpu_model
2314,197531451583,display_connectors
2315,197531451583,battery_energy
2316,197531451583,form_factor
2317,197531451583,input_device_features
2318,197531451583,brand
2319,197531451583,model_number
2320,197531451583,product_name
2321,197531451583,color_finish
2322,197531451583,release_year
2323,197531451583,display_surface
2324,197531451583,cpu_brand
2325,197531451583,cpu_clock_speed
2326,197531451583,cpu_cores
2327,197531451583,cpu_threads
2328,197531451583,npu
2329,197531451583,ram_type
2330,197531451583,ram_speed
2331,197531451583,memory_slots
2332,197531451583,gpu_type
2333,197531451583,gpu_brand
2334,197531451583,operating_system
2335,197531451583,operating_system_architecture
2336,197531451583,compatibility
2337,197531451583,hdmi_ports
2338,197531451583,external_display_support
2339,197531451583,usb_ports
2340,197531451583,headphone_jack
2341,197531451583,microphone
2342,197531451583,wireless_connectivity
2343,197531451583,wifi_standard
2344,197531451583,ethernet_ports
2345,197531451583,cooling_system
2346,197531451583,input_power
2347,197531451583,power_supply
2348,197531451583,camera
2349,197531451583,camera_resolution
2350,197531451583,gps_enabled
2351,197531451583,card_reader
2352,197531451583,customizable_case_lighting
2353,197531451583,audio_features
2354,197531451583,chrome_features
2355,197531451583,ai_features
2356,197531451583,security_features
2357,197531451583,material
2358,197531451583,height
2359,197531451583,width
2360,197531451583,depth
2361,197531451583,weight_lb
2362,197531451583,energy_star_certified
2363,197531451583,epeat
2364,197531451583,storage_type
2365,197531451583,warranty_parts
2366,197531451583,warranty_labor
2367,197531451583,gtin
2408,197531451583,features
2409,197531451583,dimensions
2551,199393279053,display_type
2552,199393279053,screen_size
2553,199393279053,display_resolution
2554,199393279053,touchscreen
2555,199393279053,refresh_rate
2556,199393279053,cpu_model
2557,199393279053,storage_gb
2558,199393279053,ram_gb
2559,199393279053,gpu_model
2560,199393279053,display_connectors
2561,199393279053,battery_energy
2562,199393279053,input_device_features
2563,199393279053,brand
2564,199393279053,model_number
2565,199393279053,product_name
2566,199393279053,color_finish
2567,199393279053,release_year
2568,199393279053,cpu_brand
2569,199393279053,cpu_cores
2570,199393279053,ram_type
2571,199393279053,gpu_type
2572,199393279053,gpu_brand
2573,199393279053,gpu_memory
2574,199393279053,operating_system
2575,199393279053,operating_system_architecture
2576,199393279053,camera
2577,199393279053,height
2578,199393279053,width
2579,199393279053,depth
2580,199393279053,weight_lb
2581,199393279053,energy_star_certified
2582,199393279053,warranty_parts
2583,199393279053,warranty_labor
2584,199393279053,gtin
2585,199393279053,power_supply
2586,199393279053,dimensions
2587,199393279053,wireless_connectivity
2588,199393279053,usb_ports
2589,199393279053,certifications
2590,199393279053,security_features
2675,199251661372,display_type
2676,199251661372,screen_size
2677,199251661372,display_resolution
2678,199251661372,touchscreen
2679,199251661372,screen_brightness
2680,199251661372,cpu_model
2681,199251661372,storage_gb
2682,199251661372,ram_gb
2683,199251661372,gpu_model
2684,199251661372,display_connectors
2685,199251661372,battery_energy
2686,199251661372,input_device_features
2687,199251661372,brand
2688,199251661372,model_number
2689,199251661372,product_name
2690,199251661372,color_finish
2691,199251661372,release_year
2692,199251661372,cpu_brand
2693,199251661372,cpu_clock_speed
2694,199251661372,cpu_cores
2695,199251661372,npu
2696,199251661372,storage_type
2697,199251661372,ram_type
2698,199251661372,ram_speed
2699,199251661372,gpu_type
2700,199251661372,gpu_brand
2701,199251661372,operating_system
2702,199251661372,hdmi_ports
2703,199251661372,external_display_support
2704,199251661372,usb_ports
2705,199251661372,headphone_jack
2706,199251661372,microphone
2707,199251661372,wireless_connectivity
2708,199251661372,wifi_standard
2709,199251661372,power_supply
2710,199251661372,camera
2711,199251661372,camera_resolution
2712,199251661372,card_reader
2713,199251661372,audio_features
2714,199251661372,ai_features
2715,199251661372,security_features
2716,199251661372,material
2717,199251661372,height
2718,199251661372,width
2719,199251661372,depth
2720,199251661372,weight_lb
2721,199251661372,energy_star_certified
2722,199251661372,epeat
2723,199251661372,software_app
2724,199251661372,warranty_parts
2725,199251661372,warranty_labor
2726,199251661372,gtin
2767,198990145372,display_type
2768,198990145372,screen_size
2769,198990145372,display_resolution
2770,198990145372,touchscreen
2771,198990145372,screen_brightness
2772,198990145372,cpu_model
2773,198990145372,storage_gb
2774,198990145372,ram_gb
2775,198990145372,gpu_model
2776,198990145372,display_connectors
2777,198990145372,battery_energy
2778,198990145372,form_factor
2779,198990145372,input_device_features
2780,198990145372,brand
2781,198990145372,model_number
2782,198990145372,product_name
2783,198990145372,color_finish
2784,198990145372,release_year
2785,198990145372,color_gamut
2786,198990145372,cpu_brand
2787,198990145372,cpu_clock_speed
2788,198990145372,cpu_cores
2789,198990145372,cpu_cache
2790,198990145372,npu
2791,198990145372,storage_type
2792,198990145372,ram_type
2793,198990145372,ram_speed
2794,198990145372,gpu_type
2795,198990145372,gpu_brand
2796,198990145372,gpu_memory
2797,198990145372,operating_system
2798,198990145372,hdmi_ports
2799,198990145372,display_thunderbolt_ports
2800,198990145372,usb_ports
2801,198990145372,headphone_jack
2802,198990145372,microphone
2803,198990145372,wireless_connectivity
2804,198990145372,wifi_standard
2805,198990145372,ethernet_ports
2806,198990145372,cooling_system
2807,198990145372,power_supply
2808,198990145372,camera
2809,198990145372,camera_megapixels
2810,198990145372,card_reader
2811,198990145372,audio_features
2812,198990145372,ai_features
2813,198990145372,security_features
2814,198990145372,material
2815,198990145372,height
2816,198990145372,width
2817,198990145372,depth
2818,198990145372,weight_lb
2819,198990145372,energy_star_certified
2820,198990145372,epeat
2821,198990145372,warranty_parts
2822,198990145372,warranty_labor
2823,198990145372,gtin
2865,198990145341,display_type
2866,198990145341,screen_size
2867,198990145341,display_resolution
2868,198990145341,touchscreen
2869,198990145341,screen_brightness
2870,198990145341,cpu_model
2871,198990145341,storage_gb
2872,198990145341,ram_gb
2873,198990145341,gpu_model
2874,198990145341,display_connectors
2875,198990145341,battery_energy
2876,198990145341,form_factor
2877,198990145341,input_device_features
2878,198990145341,brand
2879,198990145341,model_number
2880,198990145341,product_name
2881,198990145341,color_finish
2882,198990145341,release_year
2883,198990145341,color_gamut
2884,198990145341,cpu_brand
2885,198990145341,cpu_clock_speed
2886,198990145341,cpu_cores
2887,198990145341,cpu_cache
2888,198990145341,npu
2889,198990145341,storage_type
2890,198990145341,ram_type
2891,198990145341,ram_speed
2892,198990145341,gpu_type
2893,198990145341,gpu_brand
2894,198990145341,gpu_memory
2895,198990145341,operating_system
2896,198990145341,hdmi_ports
2897,198990145341,display_thunderbolt_ports
2898,198990145341,usb_ports
2899,198990145341,headphone_jack
2900,198990145341,microphone
2901,198990145341,wireless_connectivity
2902,198990145341,wifi_standard
2903,198990145341,ethernet_ports
2904,198990145341,cooling_system
2905,198990145341,power_supply
2906,198990145341,camera
2907,198990145341,camera_megapixels
2908,198990145341,card_reader
2909,198990145341,audio_features
2910,198990145341,ai_features
2911,198990145341,security_features
2912,198990145341,material
2913,198990145341,height
2914,198990145341,width
2915,198990145341,depth
2916,198990145341,weight_lb
2917,198990145341,energy_star_certified
2918,198990145341,epeat
2919,198990145341,warranty_parts
2920,198990145341,warranty_labor
2921,198990145341,gtin
2922,198990145341,connector_type
2923,198990145341,aspect_ratio
2924,198990145341,dimensions
2925,198990145341,warranty
2926,198990145341,features
2927,198990145341,condition
2928,198990145341,certifications
2929,198990145341,cpu_series
2930,199393268040,display_type
2931,199393268040,screen_size
2932,199393268040,display_resolution
2933,199393268040,touchscreen
2934,199393268040,refresh_rate
2935,199393268040,cpu_model
2936,199393268040,storage_gb
2937,199393268040,ram_gb
2938,199393268040,gpu_model
2939,199393268040,display_connectors
2940,199393268040,battery_energy
2941,199393268040,input_device_features
2942,199393268040,brand
2943,199393268040,model_number
2944,199393268040,product_name
2945,199393268040,color_finish
2946,199393268040,release_year
2947,199393268040,cpu_brand
2948,199393268040,cpu_cores
2949,199393268040,ram_type
2950,199393268040,gpu_type
2951,199393268040,gpu_brand
2952,199393268040,gpu_memory
2953,199393268040,operating_system
2954,199393268040,operating_system_architecture
2955,199393268040,camera
2956,199393268040,height
2957,199393268040,width
2958,199393268040,depth
2959,199393268040,weight_lb
2960,199393268040,energy_star_certified
2961,199393268040,warranty_parts
2962,199393268040,warranty_labor
2963,199393268040,gtin
2964,199393268040,cpu_clock_speed
2965,199393268040,cpu_threads
2966,199393268040,power_supply
2967,199393268040,dimensions
2968,199393268040,wireless_connectivity
2969,199393268040,ports_io
2970,199393268040,certifications
3010,198155791086,display_type
3011,198155791086,screen_size
3012,198155791086,display_resolution
3013,198155791086,touchscreen
3014,198155791086,screen_brightness
3015,198155791086,cpu_model
3016,198155791086,cpu_base_clock_frequency
3017,198155791086,storage_gb
3018,198155791086,ram_gb
3019,198155791086,gpu_model
3020,198155791086,display_connectors
3021,198155791086,battery_energy
3022,198155791086,form_factor
3023,198155791086,input_device_features
3024,198155791086,brand
3025,198155791086,model_number
3026,198155791086,product_name
3027,198155791086,color_finish
3028,198155791086,release_year
3029,198155791086,cpu_brand
3030,198155791086,cpu_clock_speed
3031,198155791086,cpu_cores
3032,198155791086,cpu_threads
3033,198155791086,unlocked_processor
3034,198155791086,npu
3035,198155791086,ram_type
3036,198155791086,ram_speed
3037,198155791086,memory_slots
3038,198155791086,gpu_type
3039,198155791086,gpu_brand
3040,198155791086,operating_system
3041,198155791086,hdmi_ports
3042,198155791086,display_thunderbolt_ports
3043,198155791086,vga_ports
3044,198155791086,external_display_support
3045,198155791086,usb_ports
3046,198155791086,headphone_jack
3047,198155791086,microphone
3048,198155791086,wireless_connectivity
3049,198155791086,wifi_standard
3050,198155791086,ethernet_ports
3051,198155791086,power_supply
3052,198155791086,camera
3053,198155791086,camera_resolution
3054,198155791086,gps_enabled
3055,198155791086,card_reader
3056,198155791086,customizable_case_lighting
3057,198155791086,audio_features
3058,198155791086,ai_features
3059,198155791086,security_features
3060,198155791086,material
3061,198155791086,height
3062,198155791086,width
3063,198155791086,depth
3064,198155791086,weight_lb
3065,198155791086,energy_star_certified
3066,198155791086,epeat
3067,198155791086,storage_type
3068,198155791086,warranty_parts
3069,198155791086,warranty_labor
3070,198155791086,gtin
3071,198155791086,battery_type
3072,198155791086,battery_life_hr
3073,198155791086,refresh_rate
3074,198155791086,aspect_ratio
3075,198155791086,warranty
3076,198155791086,features
3077,198155791086,dimensions
3078,198155791086,connector_type
3079,198155791086,condition
3080,198155791086,certifications
3081,198155791086,cpu_series
3082,198155791086,platform
3083,198155791086,series
3084,198155791086,cpu_cache
3085,198155791086,cpu_features
3086,198155791086,front_camera_features
3087,198155791086,privacy_shutter
3088,198155791086,gpu_memory
3089,198155791086,bluetooth_version
3090,198153733804,screen_size
3091,198153733804,display_resolution
3092,198153733804,touchscreen
3093,198153733804,screen_brightness
3094,198153733804,cpu_model
3095,198153733804,cpu_base_clock_frequency
3096,198153733804,storage_gb
3097,198153733804,ram_gb
3098,198153733804,gpu_model
3099,198153733804,display_connectors
3100,198153733804,battery_energy
3101,198153733804,form_factor
3102,198153733804,input_device_features
3103,198153733804,brand
3104,198153733804,model_number
3105,198153733804,product_name
3106,198153733804,color_finish
3107,198153733804,release_year
3108,198153733804,display_type
3109,198153733804,display_surface
3110,198153733804,cpu_brand
3111,198153733804,cpu_clock_speed
3112,198153733804,cpu_cores
3113,198153733804,cpu_threads
3114,198153733804,npu
3115,198153733804,ram_type
3116,198153733804,ram_speed
3117,198153733804,memory_slots
3118,198153733804,gpu_type
3119,198153733804,gpu_brand
3120,198153733804,operating_system
3121,198153733804,operating_system_architecture
3122,198153733804,compatibility
3123,198153733804,hdmi_ports
3124,198153733804,external_display_support
3125,198153733804,usb_ports
3126,198153733804,headphone_jack
3127,198153733804,microphone
3128,198153733804,wireless_connectivity
3129,198153733804,wifi_standard
3130,198153733804,ethernet_ports
3131,198153733804,cooling_system
3132,198153733804,input_power
3133,198153733804,power_supply
3134,198153733804,camera
3135,198153733804,camera_resolution
3136,198153733804,gps_enabled
3137,198153733804,card_reader
3138,198153733804,customizable_case_lighting
3139,198153733804,audio_features
3140,198153733804,chrome_features
3141,198153733804,ai_features
3142,198153733804,security_features
3143,198153733804,material
3144,198153733804,height
3145,198153733804,width
3146,198153733804,depth
3147,198153733804,weight_lb
3148,198153733804,energy_star_certified
3149,198153733804,epeat
3150,198153733804,storage_type
3151,198153733804,warranty_parts
3152,198153733804,warranty_labor
3153,198153733804,gtin
3154,198153733804,software_app
3155,198153733804,model_name
3156,198153733804,features
3157,198153733804,ports_io
3158,198153733804,bluetooth_version
3159,198153733804,dimensions
3160,198153733804,refresh_rate
3161,198153733804,aspect_ratio
3162,198153733804,warranty
3163,198153733804,connector_type
3164,198153733804,condition
3165,198153733804,certifications
3166,198153733804,cpu_series
3167,198153733804,battery_type
3168,198153733804,sku
3169,198153733804,cpu_cache
3170,198153733804,ram_max_supported
3171,198153733804,environmental_compliance
3172,198153733804,mouse_type
7417,195950697087,platform
7418,195950697087,series
7419,195950697087,cpu_series
7420,195950697087,display_type
7421,195950697087,camera_resolution
7422,195950697087,front_camera_features
7423,195950697087,gpu_memory
7424,195950697087,audio_features
7425,195950697087,microphone
7426,195950697087,connector_type
7427,195950697087,mouse_type
7428,195950697087,battery_life_hr
8454,197192458518,battery_life_hr
8455,197192458518,battery_type
8456,197192458518,battery_cells
8457,198156688347,battery_type
8458,198156688347,battery_cells
8459,884116430315,battery_type
8460,884116430315,battery_cells
8461,884116430315,battery_capacity
9140,195950697087,applecare_available
9141,195950697087,features
9142,195950697087,cpu_clock_speed
9143,195950697087,included_accessories
9144,195950697087,form_factor
9145,195950697087,material
9146,195950697087,ram_max_supported
9147,195950697087,camera_megapixels
9148,195950697087,model_name
9149,198828898210,features
9150,198828898210,material
9318,198156688347,series
9319,198156688347,webcam_webcam
9320,198156688347,product_style
9321,198156688347,ac_adaptercharger
9394,884116430322,bluetooth_version
9395,884116430322,dimensions
9396,884116430322,ports_io
9397,884116430322,platform
9398,884116430322,series
9399,884116430322,cpu_series
9400,884116430322,gpu_cores
9401,884116430322,cpu_features
9402,884116430322,front_camera_features
9403,884116430322,gpu_memory
9404,884116430322,sensors
9405,884116430322,connector_type
9406,884116430322,mouse_type
9407,884116430322,warranty
9594,197192458518,product_style
9729,199271336601,bluetooth_version
9730,199271336601,platform
9731,199271336601,series
9732,199271336601,gpu_cores
9733,199271336601,ram_max_supported
9734,199271336601,front_camera_features
9735,199271336601,privacy_shutter
9736,199271336601,gpu_memory
9737,199271336601,mouse_type
9838,196803504613,model_name
9839,196803504613,software_app
9840,196803504613,ram_max_supported
9841,196803504613,ports_io
9890,884116430315,ports_io
9950,198415330239,model_name
9951,198415330239,features
9952,198415330239,software_app
9953,198415330239,battery_life_hr
9954,198415330239,material
10409,199251661372,cpu_series
10410,199251661372,gpu_memory
10411,199251661372,connector_type
10412,199251661372,product_style
10433,198990145372,aspect_ratio
10434,198990145372,dimensions
10435,198990145372,battery_life_hr
10436,198990145372,battery_type
10437,198990145372,connector_type
10438,198990145372,condition
10439,198990145372,certifications
10440,198990145372,series
10500,195950852745,connectivity
10501,195950853216,connectivity
10503,198828898210,connectivity
10504,195950697087,connectivity
10505,199251266874,connectivity
10506,198990291222,connectivity
10507,199485172644,connectivity
10508,198156688347,connectivity
10510,884116430322,connectivity
10511,197192458518,connectivity
10513,198153128372,connectivity
10514,199271336601,connectivity
10515,196803504613,connectivity
10516,198153907472,connectivity
10521,810215808519,connectivity
10525,884116430315,connectivity
10527,198415330239,connectivity
10529,810215804047,connectivity
10531,810215805037,connectivity
10532,810215802661,connectivity
10533,810215806645,connectivity
10534,198990262185,connectivity
10535,197531451583,connectivity
10540,199393279053,connectivity
10543,199251661372,connectivity
10545,198990145372,connectivity
10547,198990145341,connectivity
10548,199393268040,connectivity
10550,198155791086,connectivity
10551,198153733804,connectivity
